{
  "parent": "minecraft:husbandry/root",
  "criteria": {
    "obtain_cake": {
      "conditions": {
        "items": [
          {
            "items": "minecraft:cake"
          }
        ]
      },
      "trigger": "minecraft:inventory_changed"
    }
  },
  "display": {
    "description": {
      "translate": "Obtain Cake"
    },
    "hidden": false,
    "icon": {
      "count": 1,
      "id": "minecraft:cake"
    },
    "title": {
      "translate": "The Lie"
    }
  },
  "requirements": [
    [
      "obtain_cake"
    ]
  ],
  "rewards": {
    "experience": 100
  },
  "sends_telemetry_event": true
}