{
  "parent": "captawesome:husbandry/craft_cake",
  "criteria": {

    "eat_cake": {
        "trigger": "minecraft:any_block_use",
        "conditions": {
          "location": [
            {
              "condition": "minecraft:location_check",
              "predicate": {
                "block": {
                  "blocks": "minecraft:cake",
                  "state": {
                    "bites": "6"
                  }
                }
              }
            }
          ]
        }
      }
    },
  "display": {
    "frame": "challenge",
    "description": {
      "translate": "Eat Cake"
    },
    "icon": {
      "count": 1,
      "id": "minecraft:cake"
    },
    "title": {
      "translate": "The Lie is A Lie"
    }
  },
  "requirements": [
    [
      "eat_cake"
    ]
  ],
  "sends_telemetry_event": true
}